{"cameraMode":{"drawMode":0,"name":"Shaded","section":"Shading Mode"},"sceneLighting":true,"audioPlay":false,"sceneViewState":{"showFog":true,"showMaterialUpdate":false,"showSkybox":true,"showFlares":true,"showImageEffects":true,"showParticleSystems":true},"in2DMode":false,"pivot":{"x":-0.240936279296875,"y":0.123291015625,"z":-1.748046875},"rotation":{"x":0.00899496115744114,"y":0.03299257531762123,"z":-0.00029693840770050883,"w":0.9994173645973206},"size":1.7242763042449952,"orthographic":true}